{
    "train": {
        "rmse": 46303.34215700142,
        "mae": 32751.57739206229,
        "r2": 0.7413625786843442
    },
    "test": {
        "rmse": 46591.43490202106,
        "mae": 32854.19582656326,
        "r2": 0.7430877847076605
    }
}