{
    "train": {
        "rmse": 33455.40050766494,
        "mae": 23185.977913859053,
        "r2": 0.8649796748211581
    },
    "test": {
        "rmse": 39117.339390696645,
        "mae": 25973.54582299261,
        "r2": 0.8189030239916026
    }
}